epoch,step,train_elbo_loss,train_kld_laplace,train_kld_normal,train_recon_loss,val_best_mcc,val_elbo_loss,val_kld_laplace,val_kld_normal,val_mcc,val_recon_loss
0,14,,,,,0.17053715884685516,0.42390912771224976,4.296280384063721,4.25465202331543,0.11698983609676361,0.36818239092826843
0,29,,,,,0.19199611246585846,0.25515496730804443,3.5493102073669434,11.949361801147461,0.15705472230911255,0.18381378054618835
0,44,,,,,0.2578009366989136,0.17907434701919556,3.9868693351745605,14.0872802734375,0.1571076512336731,0.09694382548332214
0,49,0.14580044150352478,3.7297565937042236,10.828221321105957,0.07601821422576904,,,,,,
